,,ACC,Sen,Spe,Pre,MCC,FPR,AUC
one hot+side.csv,mean,0.75121,0.54553,0.9569,0.92437,0.55153,0.0431,0.891342602
one hot+side.csv,std,0.0633989,0.1277487,0.0154122,0.0301112,0.1072809,0.0154122,0.0285139
one hot+withoutside.csv,mean,0.55204,0.12115,0.98294,0.90691,0.20391,0.01706,0.728937434
one hot+withoutside.csv,std,0.0345124,0.0660832,0.0328753,0.1426758,0.0985167,0.0328753,0.0564656
random+side.csv,mean,0.9412,0.91816,0.96423,0.96254,0.88338,0.03577,0.96619333
random+side.csv,std,0.0068056,0.0104402,0.0077655,0.00784,0.0135057,0.0077655,0.0022147
random+withoutside.csv,mean,0.94431,0.92464,0.96396,0.96253,0.88932,0.03604,0.962145548
random+withoutside.csv,std,0.0039879,0.0043722,0.0062809,0.0062835,0.0080287,0.0062809,0.0038226
