,,ACC,Sen,Spe,Pre,MCC,FPR,AUC
one hot+side.csv,mean,0.92593,0.95682,0.89502,0.90135,0.85399,0.10498,0.97308992
one hot+side.csv,std,0.0093541,0.0251777,0.0121208,0.0089969,0.0195551,0.0121208,0.0112978
one hot+withoutside.csv,mean,0.92301,0.92846,0.91759,0.91864,0.84632,0.08241,0.975296921
one hot+withoutside.csv,std,0.0103282,0.0182896,0.0131656,0.01181,0.0206086,0.0131656,0.008116
random+side.csv,mean,0.98066,0.97383,0.98753,0.98737,0.96148,0.01247,0.997765074
random+side.csv,std,0.0025907,0.0062651,0.0037443,0.0036627,0.0051186,0.0037443,0.0002774
random+withoutside.csv,mean,0.98197,0.97685,0.98705,0.98694,0.964,0.01295,0.997881269
random+withoutside.csv,std,0.0018792,0.005208,0.0026197,0.002567,0.0037094,0.0026197,0.0002561
